acceleration_rms,jerk_rms,trunk_flexion_deg,arm_elevation_deg,repetition_rate,symmetry_index,load_proxy,duration_s,known_strain_band,sample_id,risk_score,kmeans_cluster,strain_band,dbscan_cluster,is_anomaly,anomaly_score,review_note,pca_1,pca_2,tsne_1,tsne_2
0.4865660495705318,0.17600158937595045,22.502707174838743,44.405647163912136,1.4881366604230943,0.0879128197255073,2.6278404031672853,7.367514815312836,low_strain,M0000,1.426599588819406,0,low_strain,0,False,0.46234366503849317,Typical movement signature for cluster.,-3.0617616726324908,-0.42735617653269076,8.8110485,-19.706062
1.4330387395897817,1.5092365538787549,66.07747610454145,77.75573192455275,10.754482413936065,0.5242413037064602,4.211061305675143,11.421876960206248,medium_strain,M0001,3.696953853938751,1,high_strain,-1,True,0.4998113058846426,Flag for manual review. Extreme trunk flexion observed. High jerk event suggests abrupt movement. Asymmetric loading pattern detected.,2.8729451162926614,-0.9840886520081521,-15.677545,33.35298
1.2460035139448635,0.8429009920106407,54.478664495117705,99.45232859774688,12.303976941600972,0.41301860892767905,9.361642006015765,17.99661328243729,high_strain,M0002,3.8540408112189226,1,high_strain,-1,False,0.46215015022932854,Typical movement signature for cluster.,3.1917704423270155,1.963925520113631,-2.7519157,36.867966
0.38853087251141555,0.19862272717521223,21.695876535452975,46.28972292720891,4.794894576221225,0.10639374092149889,1.6755187843087604,9.301185575649402,low_strain,M0003,1.4869582813506048,0,low_strain,0,False,0.4056641342901724,Typical movement signature for cluster.,-2.6810224473532016,0.35995626205426984,3.9958353,-21.633663
1.8792467345266568,1.0348975930529838,61.024440506676115,84.33043614399628,8.937377193458026,0.4819447774968756,5.835393323162023,12.197283907679736,medium_strain,M0004,3.7071844437433086,1,high_strain,-1,False,0.4586707600751252,Extreme trunk flexion observed. Asymmetric loading pattern detected.,2.7332724856179014,-0.6566032287558409,-15.120693,32.32085
1.1394468733864649,0.870474394779197,72.94941311234396,79.8783643802946,13.630212380101257,0.2453704182707356,7.830229940028451,12.455708582294015,high_strain,M0005,3.8479856047284358,1,high_strain,-1,False,0.4531553147563425,Extreme trunk flexion observed.,2.2465580569044845,0.7859051468534105,-4.02814,28.645327
0.946938348791643,0.7206514045779876,36.51256425795901,48.174932206132226,6.544356586262877,0.3542545941885692,1.2243136766620781,5.733425571993038,low_strain,M0006,2.124785851010875,2,medium_strain,-1,False,0.4953432018384523,Typical movement signature for cluster.,-0.9339221762324158,-1.6973129189722398,-2.247283,-7.470436
0.9200944630347738,0.5066914844391667,41.65420190045929,54.05688870720019,7.773892306869857,0.22709572636010025,3.7062405316164404,11.717431201963954,medium_strain,M0007,2.375802939744667,2,medium_strain,1,False,0.38955337861741246,Typical movement signature for cluster.,-0.4145675651966411,0.5268395489776218,3.8855805,0.15253596
1.2827487061200913,1.0065343986030637,62.46531176029944,101.315391525619,11.283331934079268,0.3461361350364677,8.340563578187203,7.275463584917516,high_strain,M0008,3.9910745500942286,1,high_strain,-1,False,0.42560138180027796,Extreme trunk flexion observed. Sustained elevated arm posture.,2.258622843621555,-1.1805469118680516,-10.729513,27.187487
0.29127604651747174,0.18027531723985185,20.39864536034062,25.945209446399392,4.319307402729098,0.19196913191144263,2.143736028938574,9.475031136934174,low_strain,M0009,1.1570022824570971,0,low_strain,0,False,0.4272312211941427,Typical movement signature for cluster.,-2.816518227873785,0.3225833779052333,1.6980618,-22.511969
0.7871299907411792,0.4169969123125187,35.2877353927955,72.08369764948874,5.045359153615303,0.27606541861275147,5.856603403498417,9.014625110758015,medium_strain,M0010,2.489879480179137,2,medium_strain,-1,False,0.4088837741584654,Typical movement signature for cluster.,-0.5695310218511919,-0.3303690229278303,2.0867853,-6.509893
2.4574778694232333,1.6748679355320641,74.20557656880565,103.75357158544392,15.023913560906013,0.5572453441852606,6.45300501475627,12.501971777877685,high_strain,M0011,4.730685408290402,1,high_strain,-1,True,0.5645291621982831,Flag for manual review. Extreme trunk flexion observed. Sustained elevated arm posture. High jerk event suggests abrupt movement. Asymmetric loading pattern detected.,5.201790017051163,-1.0425385643939702,-17.327166,35.55933
0.3732298160700303,0.18734240585944753,15.661141181065393,21.23313852443691,6.143271704265928,0.13111109211604907,1.0291937054973421,5.968841837584916,low_strain,M0012,1.0057957664548525,0,low_strain,0,False,0.44869679753066855,Typical movement signature for cluster.,-3.3201557068431446,-0.44543033123480624,13.725192,-23.323227
0.9541002508631009,0.8295423248368502,61.31089972805864,66.97291319931196,6.520923759936272,0.12207722315612146,5.901567193515754,8.467647261724185,medium_strain,M0013,3.0522410725391165,2,medium_strain,-1,False,0.4706674938392822,Extreme trunk flexion observed.,0.04741466892095772,-0.5724737362060578,6.1265297,-4.77148
1.1453387042068424,0.8946576404450507,68.65980230787643,94.19867994423483,11.151003358514886,0.29714769977393507,5.150634110591286,10.638337854594674,high_strain,M0014,3.8140315256492476,1,high_strain,-1,False,0.4168421712084162,Extreme trunk flexion observed.,1.8202538769299483,-0.13051213706333895,-5.708279,26.474937
0.4836824120341711,0.45679299135798834,18.781647128837314,44.827395110230576,4.1012679226295266,0.09260224934331904,1.534883237767628,6.549547870928493,low_strain,M0015,1.444260667847581,0,low_strain,0,False,0.4263249854350708,Typical movement signature for cluster.,-2.802838143212048,-0.6766992504073902,9.007303,-24.271416
0.6885781313240982,0.6673884885230883,30.776582575303788,73.17887615449092,9.269901932211726,0.2406017261405146,5.438856210796849,8.863030761426524,medium_strain,M0016,2.5406336485822516,2,medium_strain,1,False,0.4026604880446562,Typical movement signature for cluster.,-0.23649319365250804,-0.0877262119965083,-2.1177032,-0.6236342
1.1799036343250284,0.6993909625218954,45.22062425680381,94.41623084810968,14.974000764102957,0.39279932908587506,8.262723347780234,12.80031319088712,high_strain,M0017,3.5840539097689357,1,high_strain,-1,False,0.4514500269465544,Typical movement signature for cluster.,2.4056102518150517,0.9380215253021427,-3.1383379,31.741636
0.4763259001636628,0.2389072769166263,24.637732260359332,39.28756438461613,7.764360785592785,0.14732937748887626,1.2755309682794997,5.2636816015086705,low_strain,M0018,1.5506475255286096,0,low_strain,0,False,0.4188329951915316,Typical movement signature for cluster.,-2.587295530595411,-0.6734973819205127,16.303234,-24.013191
1.0957865153253274,0.524867310140436,34.9345014309121,79.53733150690643,6.2859086359130245,0.1963163788626504,6.464990192033566,9.513487192851025,medium_strain,M0019,2.723555111893085,2,medium_strain,-1,False,0.42211347809133853,Typical movement signature for cluster.,-0.12796466789965572,-0.17738809991913063,4.179837,-6.637656
1.2440425623246072,0.9807634187838081,72.07481861313717,93.26818869662443,12.916665345209088,0.2159862319175182,8.402563196139765,9.63895524317996,high_strain,M0020,4.068345027985852,1,high_strain,-1,False,0.4524364963110055,Extreme trunk flexion observed.,2.278950413341999,-0.13579594794833294,-5.1211076,28.265757
0.34462171596854996,0.24658765592991883,23.495415254136077,21.73607282260436,5.055136686669951,0.12063322266665688,2.172326905638039,10.005515650609208,low_strain,M0021,1.1848574354945376,0,low_strain,0,False,0.4247990990031505,Typical movement signature for cluster.,-2.7948865951547806,0.5761146870591392,1.7194178,-23.48194
1.033983697190839,0.5283692049050139,32.432459106634376,59.313694197434,8.984993582542444,0.2605944015072227,3.87341789164995,10.726224454069685,medium_strain,M0022,2.350572588878162,2,medium_strain,1,False,0.39306599737625825,Typical movement signature for cluster.,-0.2642555144113308,0.25067846442448133,1.4443934,-0.5616212
1.8338442882574624,1.2578320300307007,49.4675664944118,87.97663293831154,8.280427595958592,0.33274343888292107,9.13121000718068,15.376390138487054,high_strain,M0023,3.6357034206717924,1,high_strain,-1,True,0.49911958256214317,Flag for manual review. High jerk event suggests abrupt movement.,2.8904197047089375,0.43595803078116385,-7.334757,38.12071
0.37150242719186444,0.06527109702613454,17.024004476730553,24.37585588140437,4.0470090307410675,0.10492556887329649,2.405737445747443,4.484543217286737,low_strain,M0024,1.0434684201730449,0,low_strain,0,False,0.4731240993655125,Typical movement signature for cluster.,-3.6008182964977564,-0.8566029084381427,14.474126,-26.831907
1.1606795379245276,0.36976083862163567,29.225715372362885,84.04296233985576,14.310134338480815,0.1797060022704795,4.947626564817954,11.353888877351274,medium_strain,M0025,2.839200785155147,2,medium_strain,-1,False,0.46059360059436194,Typical movement signature for cluster.,0.44768819224102446,1.0943900495427634,-6.249861,1.9282935
1.8120012633970137,1.609258173440333,85.45824537006007,117.61672841772575,10.672456643293781,0.5404661222268803,5.750208383260036,11.333113516870938,high_strain,M0026,4.847021148019626,1,high_strain,-1,True,0.5435856473308068,Flag for manual review. Extreme trunk flexion observed. Sustained elevated arm posture. High jerk event suggests abrupt movement. Asymmetric loading pattern detected.,4.407481092632637,-1.392245461299121,-16.046925,35.015907
0.49221076900790445,0.28531553475778676,18.000506358548485,27.784419664571526,5.569689671011955,0.13610853606346043,4.593168308930595,11.146709804950484,low_strain,M0027,1.3212641440811308,0,low_strain,0,False,0.4237738451195702,Typical movement signature for cluster.,-2.1942383366580036,0.891020879144995,-0.9031859,-20.412498
0.6979108464488372,0.39426239392232154,47.52914362471092,65.15299070176566,9.460286806783222,0.14532484078154845,6.891157722337271,11.636050845535907,medium_strain,M0028,2.7481714734378397,2,medium_strain,1,False,0.42980342197911986,Typical movement signature for cluster.,-0.10683130881768403,1.067667899105082,6.675721,1.0532583
1.1762645423610112,0.9674690967841736,58.52466798356244,87.90960339875024,11.272325810254886,0.35984180974344915,8.805125024204937,16.12017752438084,high_strain,M0029,3.7023952751047826,1,high_strain,-1,False,0.4330359687263149,Typical movement signature for cluster.,2.6974483596620105,1.3750624823608915,-2.8599265,35.962337
0.4215779682588379,0.2976512421372447,19.775963938122597,31.280854186787103,1.8379007915385515,0.1531198193485644,4.2273502141641845,4.932277190167724,low_strain,M0030,1.2735674553157719,0,low_strain,0,False,0.44783184530381226,Typical movement signature for cluster.,-3.0289082207287388,-1.1716928764489287,14.021133,-28.885124
0.7674359643003369,0.5414145915839614,29.576811914368406,57.98652593172948,11.100089189397917,0.28495931451926243,8.098467408114917,13.443529722444234,medium_strain,M0031,2.4558058665308473,2,medium_strain,1,False,0.4471643410926247,Typical movement signature for cluster.,0.473993804289747,1.418717828532832,4.499766,4.022761
1.6636655957569144,0.9990187685728938,66.2798817679706,87.84800665051408,11.646400794890251,0.32420609413597784,10.479167869189705,8.700749855278376,high_strain,M0032,4.038757806675055,1,high_strain,-1,False,0.45657349936073915,Extreme trunk flexion observed.,2.776659417603394,-0.8413027833363923,-8.955111,29.981775
0.4271218730993809,0.39712470934673194,22.50521393238756,53.206461576468016,6.315394444049561,0.07711838977387038,2.433046827101799,5.655985614810368,low_strain,M0033,1.7197137659080735,0,low_strain,0,False,0.43488516740310756,Typical movement signature for cluster.,-2.5008795165174775,-0.6271380160711476,9.072693,-25.700607
1.0617965493242754,0.6392547335256775,32.40855657137003,49.83539160271521,8.565564185752521,0.17700639103713234,4.493289583905129,11.28002367887811,medium_strain,M0034,2.225313205042155,2,medium_strain,1,False,0.4050225352655662,Typical movement signature for cluster.,-0.43350975159160204,0.45105727639819243,4.452076,-0.7464495
1.4139275238893767,0.507567888452342,61.0436672903026,93.00847002525609,12.410558627819924,0.5092967745320967,4.373523446390514,10.344910409464905,high_strain,M0035,3.6930085616852204,1,high_strain,-1,False,0.4714861949257939,Extreme trunk flexion observed. Asymmetric loading pattern detected.,2.1145187673846486,-0.329854364561076,-13.055733,33.303932
0.26020867206552695,0.4275949048053509,20.21013967620395,43.46583985843404,3.97230140926077,0.17255054759864843,3.5684715559890385,8.465756040274337,low_strain,M0036,1.4954489235370154,0,low_strain,0,False,0.42211890761094395,Typical movement signature for cluster.,-2.3774576608987124,-0.0984733238334821,5.1816635,-19.995419
0.8632549182850761,0.4291316629364866,36.819770558077174,60.16972961057169,9.26678772870699,0.3099894548146177,3.912195877032386,10.187477424201056,medium_strain,M0037,2.4180899673175626,2,medium_strain,1,False,0.3948907750300054,Typical movement signature for cluster.,-0.25814738159651635,0.18692037071472295,0.3133626,-0.59955394
1.116410589661236,0.7719949968877424,60.02306191831194,103.82139266679448,11.52513732223345,0.48631684723495916,10.213587965133053,14.357096187292173,high_strain,M0038,4.018228407614487,1,high_strain,-1,False,0.4541781898458393,Extreme trunk flexion observed. Sustained elevated arm posture. Asymmetric loading pattern detected.,3.1314960280209667,0.8824756549166187,-5.508621,35.6057
0.7293183720415302,0.2594838311133956,5.978866247600916,51.04254361517141,4.1761410242777135,0.14431521777372133,3.809550684860527,4.795480917882149,low_strain,M0039,1.40611767319532,0,low_strain,0,False,0.47836838031249707,Typical movement signature for cluster.,-2.680544842975029,-1.1152017134785275,12.245578,-28.790613
0.5637955300609834,0.4388209193964407,41.517092848135945,68.29025411375325,9.052548358657107,0.16523404696645802,2.034844845051034,10.635883963475955,medium_strain,M0040,2.451997207077162,2,medium_strain,-1,False,0.43281977180111986,Typical movement signature for cluster.,-0.8893581638718853,0.6189728704468637,9.350115,-2.3638754
1.3810648697776546,1.0463516527198287,59.38241432058682,102.64186319526195,12.00426502305315,0.42240517644811737,7.090653474260235,11.497088041271915,high_strain,M0041,3.968809186955352,1,high_strain,-1,False,0.4187308103110342,Sustained elevated arm posture.,2.8127410016150396,-0.20159545487299788,-11.499631,31.996586
0.5484634170500903,0.24062588277754282,21.127003534392678,32.34161208084621,4.788424098809365,0.17318076168096294,0.5069396289458441,5.4070553438504785,low_strain,M0042,1.27886436109388,0,low_strain,0,False,0.43854208274291606,Typical movement signature for cluster.,-2.9980221350933345,-0.9762749703293436,14.135941,-24.918945
0.4466214208242712,0.4550429783782753,43.99547119782192,58.581391203409105,8.895580163883704,0.31535304980264756,7.491529198401537,10.327155163184651,medium_strain,M0043,2.5841615760002385,2,medium_strain,1,False,0.4348601968636961,Typical movement signature for cluster.,-0.01655767891743736,0.47680044144853495,-2.7406957,1.645689
1.2584214164085723,1.1636454601224915,58.92126658434109,80.27642486641552,10.192319225162782,0.2615570789947987,6.723732292532695,10.997553273391599,high_strain,M0044,3.50898873731988,1,high_strain,-1,False,0.42267644765250934,Typical movement signature for cluster.,1.785298892803737,-0.21126726690017994,-5.4033914,25.50173
0.656492379739918,0.14178184846229602,20.356964809559514,24.594560608424658,5.8544547592337635,0.13475653397249096,0.6690941741524696,9.85659398313697,low_strain,M0045,1.1820933048197897,0,low_strain,0,False,0.4402689024449238,Typical movement signature for cluster.,-2.7463394390074094,0.45154037549449005,-0.032124218,-23.336393
0.7345759618602312,0.40023466241944344,32.76573378649955,67.134685288339,8.121511318127189,0.26971972013694884,6.042882780893265,13.801654138820417,medium_strain,M0046,2.44877448671361,2,medium_strain,1,False,0.4036748734998542,Typical movement signature for cluster.,-0.0416192102251666,1.3296981818376268,5.5571146,3.3834448
0.9550912802939391,1.112100034982957,54.685118279027456,107.60429422408328,12.343429649001434,0.3695089975837324,9.197551788092591,17.46283516835364,high_strain,M0047,3.948647077293077,1,high_strain,-1,False,0.4799591907607266,Sustained elevated arm posture.,3.1489630858512836,1.8305027635424473,-2.2052805,36.770023
0.4583257362159335,0.2960190593317076,24.457440944798314,26.543389672326526,5.5995266707128595,0.13896548608184575,2.8139082114575538,6.333262388101188,low_strain,M0048,1.3566982567282264,0,low_strain,0,False,0.4064857345103555,Typical movement signature for cluster.,-2.6969718407766003,-0.5147252326882408,11.338684,-25.52909
0.48832265024139326,0.3935662241814549,34.330597720485336,58.48170096021486,12.374462324859033,0.31635960219443787,4.056863325487559,11.369271131127393,medium_strain,M0049,2.354708675532581,2,medium_strain,-1,False,0.4471611201626998,Typical movement signature for cluster.,-0.21010717095227405,1.0087336180739752,-0.7069131,4.7346144
1.217439955631179,0.9533586168947688,64.19171116975393,87.25038122562378,13.84047337201559,0.2886449419086077,8.512678124724538,19.27348643446833,high_strain,M0050,3.8599138446859538,1,high_strain,-1,False,0.48869392160170266,Extreme trunk flexion observed.,3.0963434183951417,2.5542336293086274,-1.1456703,36.536713
0.6219857407927407,0.28915201781732086,21.48466257197878,34.43216805607308,4.693266353904432,0.10882070413098323,2.930301358957553,6.296925621628464,low_strain,M0051,1.4202752194703736,0,low_strain,0,False,0.40634761868045427,Typical movement signature for cluster.,-2.6908693655820652,-0.6233480766991382,11.058247,-26.033068
0.9179977456880104,0.6431819330838802,46.682296035567276,66.39837688684676,7.927502532888616,0.27723793475852176,5.036990416680381,12.838867813662873,medium_strain,M0052,2.7559680023640123,2,medium_strain,1,False,0.398310764165453,Typical movement signature for cluster.,0.387430721278907,0.665855255103364,3.473026,1.3010861
1.206166379013898,0.5616538408776804,43.04939169772795,111.09407121739473,13.46940696033771,0.3224415813372168,5.494993087918206,3.6993192540433775,high_strain,M0053,3.598345524617683,2,medium_strain,-1,True,0.5238182137680658,Flag for manual review. Sustained elevated arm posture.,1.0638911181113853,-1.5918258825788867,-12.59054,25.996801
0.7404498014696883,0.3234884271463648,14.642566283703063,39.650802095003066,2.1902749646100026,0.1281070654920946,2.5994774730157384,7.827798696357903,low_strain,M0054,1.3104543445407373,0,low_strain,0,False,0.4343244068891511,Typical movement signature for cluster.,-2.738251138091411,-0.5273919061997027,3.6255682,-27.752321
0.8751432361977683,0.6435656425351196,32.49302174215393,72.77378490092657,11.757873895247982,0.19179102882091525,4.168456516428161,13.839460840800582,medium_strain,M0055,2.6172627706966023,2,medium_strain,-1,False,0.43409142520968375,Typical movement signature for cluster.,0.2788536262952015,1.4619687270940624,3.3455913,5.3897467
1.5888407062546426,0.840343571859407,72.55045576270712,93.84080143527633,12.068103411309929,0.5051774417335924,7.7764590451116575,9.364858131410116,high_strain,M0056,4.158823759671164,1,high_strain,-1,False,0.4564474628187676,Extreme trunk flexion observed. Asymmetric loading pattern detected.,3.069265914782456,-0.9050229231517939,-11.840083,33.59217
0.5042800740771767,0.12342409278194857,21.82482541590673,29.61228682382257,7.066062789320414,0.044229587803981146,1.7134342248958312,4.627063697531796,low_strain,M0057,1.3054154132996436,0,low_strain,0,False,0.47577884374868257,Typical movement signature for cluster.,-3.22230097215385,-0.6127583142260516,16.647219,-24.966013
0.8596265441774309,0.5249082724370343,35.97297944841588,60.08978154343927,8.906776481239888,0.18948783748341352,6.560274461348576,12.15666492596371,medium_strain,M0058,2.481393873139601,2,medium_strain,1,False,0.38973587742683624,Typical movement signature for cluster.,-0.09059823787553889,0.936862612466067,5.3938613,1.7839248
1.402437357405278,0.9733552401455587,78.35073302731067,90.78068160526486,10.824416919663932,0.3197177935714098,6.435474658844326,8.51547899471699,high_strain,M0059,4.074545988817092,1,high_strain,-1,False,0.4548627891498321,Extreme trunk flexion observed.,2.242470326900236,-0.974404013652722,-6.771515,27.035126
0.8374621168241934,0.4039795371180235,33.57387365155779,56.72163196678546,5.092055705393891,0.2303294682209035,3.4001845640199635,9.478825344601894,low_strain,M0060,2.125611355693345,2,medium_strain,0,False,0.3973518768330879,Typical movement signature for cluster.,-1.1705291650829222,-0.186737861294709,4.2665095,-12.916385
0.861925729931901,0.4240427298917145,39.518747142699546,44.54213017690653,11.172372200024341,0.32487699910356593,5.1212239985455525,11.408635844597683,medium_strain,M0061,2.3456976231915596,2,medium_strain,1,False,0.4209745085815216,Typical movement signature for cluster.,0.046704440371259655,0.7118365434470342,0.8561222,5.4985194
1.025603514741627,0.8671197943726167,47.27866978573141,102.00155075682922,15.894052367645587,0.28587082244565587,6.825073191829615,12.659255431267805,high_strain,M0062,3.678603197611261,1,high_strain,-1,False,0.4732850447056389,Sustained elevated arm posture.,2.192118873844084,1.0607526933961833,-2.5202377,31.113205
0.30331508249521166,0.30490361223069423,28.927793104878653,18.48240851820733,2.694075427677502,0.12305573574156647,1.979411587144589,9.62520257550729,low_strain,M0063,1.1681666184726547,0,low_strain,0,False,0.485941108576759,Typical movement signature for cluster.,-2.9922395655902267,0.22080297449612005,1.4672703,-24.589808
0.9774721431800407,1.1410921038969588,46.80035868564405,96.74764540463966,7.24482492712616,0.4245266485343866,6.311697416206798,12.407316205842342,medium_strain,M0064,3.3836066115791907,1,high_strain,-1,False,0.443373667704371,Typical movement signature for cluster.,1.776200851795817,-0.18685218541900225,-14.795331,29.364557
2.630659873137905,1.762001331642291,57.55854825606676,117.61245971650102,12.031617947688853,0.5673143904684488,11.402357698042128,10.76617321960472,high_strain,M0065,4.7701347166242645,1,high_strain,-1,True,0.5939344333950619,Flag for manual review. Sustained elevated arm posture. High jerk event suggests abrupt movement. Asymmetric loading pattern detected.,5.456674484312745,-1.7490255921357345,-17.1127,36.335724
0.613517116776401,0.1759413947487567,3.523318014423058,51.109369950118946,9.588790314692606,0.12378922938202674,0.5631619593798147,7.379032047608113,low_strain,M0066,1.3448876214473071,0,low_strain,-1,False,0.48365248757124685,Typical movement signature for cluster.,-2.5898220796855975,0.12640037736439888,6.348876,-27.21272
0.7896121854364389,0.39412567413094124,42.63648913981182,68.29408850343303,5.511188760361387,0.2919518039016933,8.579027472918836,10.929900831092649,medium_strain,M0067,2.703283125190336,2,medium_strain,-1,False,0.45445429666670994,Typical movement signature for cluster.,0.07735586118992094,0.2921531494727632,2.8530517,-5.315997
2.1493487886910305,1.8680916129331167,58.58592285942994,113.1850335510074,10.640979311181818,0.6924540211457417,8.151654532390085,16.670085311134656,high_strain,M0068,4.497016250211191,1,high_strain,-1,True,0.6137684694386407,Flag for manual review. Sustained elevated arm posture. High jerk event suggests abrupt movement. Asymmetric loading pattern detected.,5.458337750601529,-0.38756715988857493,-18.077415,35.14295
0.4111449954856079,0.11080373508302369,17.894623041135326,25.975769052074874,4.383786310405012,0.13673648921259518,0.7943477839844828,4.768683321358644,low_strain,M0069,1.0553971909002862,0,low_strain,0,False,0.4517338902496344,Typical movement signature for cluster.,-3.5350381561538797,-0.9200567087257747,14.16536,-24.348642
0.736365008612851,0.19093579214512063,44.27875229286508,65.26843706329088,7.072250351927032,0.1709901873365055,6.753711844471505,11.373376556401073,medium_strain,M0070,2.5860338774584113,2,medium_strain,-1,False,0.42943213163547306,Typical movement signature for cluster.,-0.5263002649471143,0.8890379595808031,7.269973,0.959929
1.364722686267503,0.9956339477704887,61.87703141262015,89.6630089784801,13.296906907841741,0.4300068160998523,11.00345001713039,10.540295827815603,high_strain,M0071,4.0084857764525745,1,high_strain,-1,False,0.43592778442261537,Extreme trunk flexion observed.,3.1594726469371945,-0.19069697046754006,-9.0661545,32.90045
0.3898986036676866,0.2364592527056038,15.12538097452812,42.90801721178989,7.697073992534118,0.121646380274028,2.075226272206909,8.628154447739599,low_strain,M0072,1.4188011016941176,0,low_strain,0,False,0.40445298026128845,Typical movement signature for cluster.,-2.5005920545561824,0.40361360137749414,5.8782043,-25.21649
0.9723285845023824,0.23475117931333345,31.38635962466484,52.61100399246265,3.8592879752277103,0.19218169333787177,4.127265826231111,9.997238363702925,medium_strain,M0073,2.0019744488877045,0,low_strain,-1,False,0.42434896747975975,Typical movement signature for cluster.,-1.422195501235412,0.015912487790102865,4.1600585,-13.244206
1.2260866567380455,0.7344535303511923,57.43045458786471,106.68843070017888,9.352890604547209,0.3071540092862841,9.617097918548447,11.379698875953759,high_strain,M0074,3.892935389405487,1,high_strain,-1,False,0.4259896668482715,Sustained elevated arm posture.,2.132340148194606,0.15533400334962466,-6.7078166,30.589546
0.4483623849845644,0.35016636480895674,11.789531315756154,34.879153492117325,4.620757974146318,0.09136436303583478,0.9365220521313116,9.371498070549324,low_strain,M0075,1.1195723111276998,0,low_strain,0,False,0.4381095435933126,Typical movement signature for cluster.,-2.9951968454221656,0.27001464986683743,3.3442872,-24.643885
0.6564351549364272,0.5365349488307335,47.02415085879442,34.63114585553693,5.506722620193347,0.19462681348628394,7.6917683000804935,11.206467457298242,medium_strain,M0076,2.2224713438650796,2,medium_strain,-1,False,0.45282705676174956,Typical movement signature for cluster.,-0.6367516442439839,0.5006443238711697,6.1899824,-1.5616108
1.0291645977922292,0.7184835424513053,62.4781371672271,92.81584063309626,12.707225401501079,0.36498632072572385,9.056287452909254,12.442733437734306,high_strain,M0077,3.832258442339344,1,high_strain,-1,False,0.4242411530007023,Extreme trunk flexion observed.,2.389548542242088,0.7260533157299516,-4.6327252,31.131098
0.5468409938333365,0.11801280056082303,4.5163886679548675,45.01745397651507,7.1379051678714855,0.09917507921946651,0.6401645934543714,8.198069642014401,low_strain,M0078,1.1716744143302917,0,low_strain,0,False,0.4735305577003464,Typical movement signature for cluster.,-2.994103143644288,0.2757422270894493,6.082192,-26.752813
1.1076151235894902,0.6222816600942032,35.02626642731444,51.282432540981645,8.52290258334131,0.2320441177668846,3.977398141406776,15.621889127158216,medium_strain,M0079,2.298241875265889,2,medium_strain,-1,False,0.4422407724908515,Typical movement signature for cluster.,0.10535419930545388,1.5108723321436863,6.786315,5.617722
1.5299307103821942,0.7542469283943571,66.5501932429728,100.95476973297062,12.473600373248917,0.4799732213635022,9.770742285722555,14.07203986165214,high_strain,M0080,4.202705622216327,1,high_strain,-1,False,0.4587167134728025,Extreme trunk flexion observed. Sustained elevated arm posture. Asymmetric loading pattern detected.,3.520364370730872,0.6541803272788869,-9.21041,35.396873
0.4908949689602527,0.10163888702858168,18.501726464463342,29.43808041150875,2.696286276247963,0.207272664772033,4.228995340885703,10.718441200591224,low_strain,M0081,1.2397641964141737,0,low_strain,0,False,0.46155423507463467,Typical movement signature for cluster.,-2.4904672487144346,0.5260658143380418,0.60183567,-19.033045
2.275121003697956,1.2188139348838707,53.27220789692291,71.44057435101351,9.29398260899768,0.488072594722065,3.546021824748303,10.372007220458508,medium_strain,M0082,3.399644402236686,1,high_strain,-1,True,0.5263352053154335,Flag for manual review. High jerk event suggests abrupt movement. Asymmetric loading pattern detected.,2.498925098123454,-1.5245064976815388,-15.850174,32.155605
2.418126473742488,1.422694867960183,79.85003169668013,95.10592749873041,8.749305814369077,0.6202978624844071,9.28252931986647,6.997218968169382,high_strain,M0083,4.600517259717571,1,high_strain,-1,True,0.595296712607628,Flag for manual review. Extreme trunk flexion observed. High jerk event suggests abrupt movement. Asymmetric loading pattern detected.,4.376137468763295,-2.918182876475653,-16.253672,36.78956
0.3199561407170327,0.31446049047503577,20.275680206190977,47.87331111605066,6.97996337061575,0.13471085373875313,1.2557941211391306,7.361786805978205,low_strain,M0084,1.543914889506559,0,low_strain,0,False,0.4122357101676837,Typical movement signature for cluster.,-2.547789677948339,-0.10563099687330137,6.817588,-25.106867
0.7876666807376953,0.46909482486912824,40.02307851975919,55.952507103072676,7.2438678325492525,0.26868717005820636,4.8970111298061925,11.11026097244588,medium_strain,M0085,2.377841187863287,2,medium_strain,1,False,0.38592637223426,Typical movement signature for cluster.,-0.3985830275089699,0.37999242748643963,3.286765,-0.19196816
1.0293256197598537,0.8333765977042259,72.37776939916462,75.73088682171998,6.843360212264831,0.23105238774059908,8.558219893153339,12.086568378491556,high_strain,M0086,3.5653708132722493,1,high_strain,-1,False,0.4680307397835629,Extreme trunk flexion observed.,1.404327040151454,0.2514203179685117,-3.582687,24.20688
0.5957027794714203,0.02,20.37560324658494,50.614382018035734,2.9699946231949146,0.12480773952840421,1.747108082771379,6.211307907844942,low_strain,M0087,1.4915685035747512,0,low_strain,0,False,0.4725710657288653,Typical movement signature for cluster.,-3.0246662997171048,-0.6547252235773369,9.053268,-20.69683
1.0483976453895207,0.807234134568253,35.312486199678816,84.86072256877364,8.57115295396925,0.35522146160206486,5.360052025519762,10.82764456511536,medium_strain,M0088,2.915452223773545,2,medium_strain,1,False,0.41159511346172123,Typical movement signature for cluster.,0.8256915276009822,-0.14200747654753182,-0.6604782,0.9936623
1.9793478094608576,1.073231403472062,50.92735470048537,105.565970183862,10.70396841841445,0.34081998536790326,10.317202719784223,12.087039645759228,high_strain,M0089,4.0496869751597755,1,high_strain,-1,False,0.46947956025406923,Sustained elevated arm posture.,3.2416516057930775,-0.20747478923790816,-8.3982315,37.73994
0.4516782266238351,0.3136583126605435,20.549795384616896,15.630330672945846,6.199830803497161,0.10071922320678799,1.0577008644405888,7.883177512282635,low_strain,M0090,1.0547613384069023,0,low_strain,0,False,0.44961564761615297,Typical movement signature for cluster.,-3.046341904318953,-0.004766026396721486,11.756023,-21.785824
0.709039013668435,0.6663444600735164,27.262598669032744,57.116675014729296,7.330251730133998,0.24720476377963962,5.9182964269708584,7.9802676259411385,medium_strain,M0091,2.196373284349647,2,medium_strain,-1,False,0.4176047835254541,Typical movement signature for cluster.,-0.7041577046267304,-0.4713245198422235,-0.12566775,-3.9825358
1.293860521033634,0.5794496744038562,38.41408559602969,91.82752989898964,11.01387190087002,0.3717263909140293,8.444035086939564,12.631567550628507,high_strain,M0092,3.2957540746577223,1,high_strain,-1,False,0.43752731757370356,Typical movement signature for cluster.,1.769467369724331,0.6591335994011378,-4.3638926,33.09589
0.316667411889893,0.16280284070992054,11.440056852675704,37.88916667168707,7.240905281563602,0.12274642247041959,0.02,4.592014274779249,low_strain,M0093,1.1448237431368953,0,low_strain,0,True,0.52684158041992,Flag for manual review.,-3.385533671110841,-0.7061239337559243,15.5554905,-23.252136
0.7307633780007656,0.49282559218433836,38.308648983847334,58.25904403013063,10.598679221086815,0.20943896165911788,4.206523060786686,11.697188846301154,medium_strain,M0094,2.4281162293611067,2,medium_strain,1,False,0.3962154406033024,Typical movement signature for cluster.,-0.2921578350007198,0.9276620752592386,2.8325293,3.4200127
1.3657321751704006,0.938459573070728,56.52557510081832,114.23586550008967,10.13114362035162,0.5448238536419263,8.049137101543801,8.424353954083362,high_strain,M0095,4.075539042290713,1,high_strain,-1,False,0.47247960661647015,Sustained elevated arm posture. Asymmetric loading pattern detected.,2.830722716969125,-1.3140452303917105,-11.944878,30.020765
0.3208505759617478,0.20482441521865,20.38219980009295,40.55582088650125,3.8800981395423353,0.17949620580185605,3.6575077580211337,10.872603513126581,low_strain,M0096,1.4310141367078983,0,low_strain,0,False,0.42098859726570487,Typical movement signature for cluster.,-2.351330951409506,0.6920949183338377,1.3868783,-19.48984
1.0381485939337118,0.28668822008363193,35.4567476109723,51.59593692411889,8.738451722254784,0.21571304684819576,5.250763237075401,15.205437200510124,medium_strain,M0097,2.289182919224408,2,medium_strain,-1,False,0.4465487316495135,Typical movement signature for cluster.,-0.14682387650066375,1.7770384759342515,6.368105,4.858225
1.3710343097818471,0.8781915206136377,58.75713287956834,92.084233526105,12.48631294514095,0.47322460284377416,11.794787995206658,12.866936229345667,high_strain,M0098,3.9807952412188414,1,high_strain,-1,False,0.4603996848322269,Asymmetric loading pattern detected.,3.3575334894746014,0.4277266420834882,-8.437522,34.35689
0.311896258897732,0.27121232575843796,23.641736789301532,43.659686384171536,5.38089751903109,0.1754557583827181,2.990766708993819,10.400612516518644,low_strain,M0099,1.5700869606689885,0,low_strain,0,False,0.4057379195252748,Typical movement signature for cluster.,-2.1713797368504637,0.6125381403300721,2.0681312,-20.054005
0.7630882695086344,0.5970177759706233,14.555244993177794,66.59462883662059,1.2031743495704328,0.14659219555567493,6.177652901411476,11.693823343166988,medium_strain,M0100,1.885216346811967,0,low_strain,-1,True,0.5057207191485601,Flag for manual review.,-1.3990994929900618,0.288190684880349,2.3490622,-15.848458
1.1233375507866334,1.1666973779505438,53.15969868427324,123.40088437364179,11.495776323012038,0.41264289415050137,11.733748796997215,12.366875925341574,high_strain,M0101,4.288730993602124,1,high_strain,-1,False,0.47131648189711534,Sustained elevated arm posture.,3.438534552279609,0.20694091022207808,-6.499932,32.98489
0.4368327057966852,0.27643892638099093,9.811550086790607,32.441679286591764,3.664054230804614,0.17697431028749738,2.5346118741852557,7.43440850170486,low_strain,M0102,1.0842680725219607,0,low_strain,0,False,0.44228308169237046,Typical movement signature for cluster.,-2.965507553160463,-0.3779480446427268,6.7259374,-22.694754
0.8556995229449865,0.6363539879565692,30.00230217064495,49.50094840854474,10.709358430805061,0.22525978766771618,3.374736861104689,11.609531773457762,medium_strain,M0103,2.1579430567064177,2,medium_strain,1,False,0.41186019428277804,Typical movement signature for cluster.,-0.403780976886264,0.7218175821837338,2.2602823,3.413263
0.9432426434035246,0.9613067087834491,65.35583092428374,97.24141032388768,12.89035926427507,0.2676584721527401,9.16208030999239,11.15266467348275,high_strain,M0104,3.966394970839919,1,high_strain,-1,False,0.4365015239760709,Extreme trunk flexion observed.,2.31234241492308,0.4072375082260231,-4.69253,29.370438
0.5544666731303672,0.427927451067423,28.766220327602156,48.14807871505905,4.802478473065669,0.15410880652105374,3.266822871784244,8.242355898598923,low_strain,M0105,1.8098296672523486,0,low_strain,0,False,0.4001673200358952,Typical movement signature for cluster.,-1.9418204600296294,-0.26017600238512073,4.9012337,-18.438261
0.9518005011001891,0.5417004295563695,32.16570450901071,57.026323209969696,9.767820755467485,0.25017959747199736,6.0103149653025065,12.175198105505475,medium_strain,M0106,2.401603246536072,2,medium_strain,1,False,0.3923433717042321,Typical movement signature for cluster.,0.0697036448876084,0.8433057622572929,4.344026,2.7847269
1.4463745959985574,0.9881916686225111,45.65186913088522,112.19226707660742,10.398361563734785,0.2475923725451853,6.409912580827395,9.1410735501007,high_strain,M0107,3.7222437435199858,1,high_strain,-1,False,0.4551340091946213,Sustained elevated arm posture.,1.7430153480669968,-0.6463896450436815,-9.286372,25.508793
0.41713793933445154,0.24631680323594074,21.718211792894873,38.398753611927035,5.568886167159715,0.15639313829314772,3.116134668002238,3.784093316445114,low_strain,M0108,1.4772631675810197,0,low_strain,0,False,0.4293531522322229,Typical movement signature for cluster.,-2.7898488796177356,-1.188802029711936,13.546738,-27.180761
0.4711663896816841,0.5550483897516914,37.962936222205236,74.54638729747616,10.875268785442241,0.26216650289514204,4.74945838390465,11.712902781364345,medium_strain,M0109,2.6627978744347605,2,medium_strain,1,False,0.42164970967591997,Typical movement signature for cluster.,0.028807167784576565,0.9499323759541912,-0.77303433,3.695723
1.2796936166824633,1.0975045370529382,52.422286540105766,103.27950094939501,12.990283011123065,0.3036166546295343,10.447788256434801,13.955985767040215,high_strain,M0110,3.9602458416311785,1,high_strain,-1,False,0.4426477855224186,Sustained elevated arm posture.,3.016753318620168,0.9259441907471431,-2.6167364,33.916706
0.35852118503668173,0.19407939814244302,14.774024538581866,40.4259446329196,3.279874698677484,0.15750048994479482,1.2582444711216074,7.591862831122302,low_strain,M0111,1.2037797549305285,0,low_strain,0,False,0.44177355481450864,Typical movement signature for cluster.,-3.1226630464531335,-0.295854737830366,7.3587947,-21.91802
1.2112208232094266,0.35717580822714856,49.77611653192107,63.79810896784736,9.322343836031926,0.25710087480329225,6.167090227292849,10.115787239094956,medium_strain,M0112,2.873883334616587,2,medium_strain,-1,False,0.41343064694033194,Typical movement signature for cluster.,0.3685704730374314,0.15825800916465013,1.8954755,1.033626
1.179576348270561,1.1238022229922646,51.55632879786977,91.15647415038198,9.141682384961518,0.4164018976278016,11.390251913853067,11.783402696501609,high_strain,M0113,3.694225907481175,1,high_strain,-1,False,0.4484854323887586,Typical movement signature for cluster.,2.6497573783327484,-0.12527445440112195,-7.13699,34.158615
0.3162459644318488,0.2570707346447692,8.443234441670834,25.87122013281173,5.408214882996444,0.19276052790965587,5.309210861229503,6.826829829858198,low_strain,M0114,1.0955848481531452,0,low_strain,-1,False,0.467199624583581,Typical movement signature for cluster.,-2.696225525866948,-0.2454800511472806,9.485333,-29.66368
0.8590003968642637,0.5288253294555074,41.46075561380922,62.74299780415951,8.720791451224438,0.22550001023039984,3.402835510301724,6.640936993694796,medium_strain,M0115,2.5086408924571084,2,medium_strain,-1,False,0.406583687439486,Typical movement signature for cluster.,-0.6885483050810169,-0.7996128476774845,-2.1921012,-4.6460342
1.2191259801811432,0.8127039980618901,58.085056267231536,103.12905154081878,11.896800674658076,0.3275156050687226,10.952585911297898,16.42171940834857,high_strain,M0116,4.000017691706743,1,high_strain,-1,False,0.4598334574641525,Sustained elevated arm posture.,3.0445222899521536,1.7190792719139973,-2.3942497,35.631687
0.5668396213612908,0.40419599968138115,24.78059589842708,41.14099177112624,6.0770246847347895,0.1607864229338601,1.4026623254529564,9.401446313719171,low_strain,M0117,1.5888006304711948,0,low_strain,0,False,0.4002056601274016,Typical movement signature for cluster.,-2.112543049781261,0.13131631983237743,3.168596,-20.786518
0.6928640871799912,0.7324991094931323,44.72176130155358,79.84877947623035,7.956651232625416,0.18086506952339396,5.139344204394486,10.755078243101435,medium_strain,M0118,2.865936429598279,2,medium_strain,-1,False,0.4105178376382222,Typical movement signature for cluster.,0.016345286090421938,0.31146299447894044,5.281657,-3.3084455
3.0455969967434964,2.0315735586847516,75.70435574954156,90.21531219541518,12.490698011696388,0.6121528105855206,7.000373323430965,11.339677785910412,high_strain,M0119,4.710805453703394,1,high_strain,-1,True,0.6221158751959539,Flag for manual review. Extreme trunk flexion observed. High jerk event suggests abrupt movement. Asymmetric loading pattern detected.,5.690306556140543,-2.236967303363306,-17.838049,36.334686
0.34269511776246275,0.25369265755436476,13.884883942940142,48.81707593377797,4.703112004286806,0.19153776997273012,2.561704634050368,8.074455672843154,low_strain,M0120,1.4224574101168013,0,low_strain,0,False,0.4123800997178714,Typical movement signature for cluster.,-2.5490912887853012,-0.1049175384117223,6.0466213,-21.390608
0.8206074002594335,0.7906313004269804,19.443114185990254,37.98145106673586,7.413658337887773,0.2508716729162541,6.535156637146018,11.682717995068687,medium_strain,M0121,1.8279652457063122,2,medium_strain,-1,False,0.4466698141170554,Typical movement signature for cluster.,-0.5311755738857086,0.47115854955463504,3.527134,-2.2822084
1.5041896125131877,1.1054351725674916,59.84057831271566,105.47720601481578,12.099819579550683,0.3350813578573693,9.89563367800001,12.309716743220298,high_strain,M0122,4.151459976262463,1,high_strain,-1,False,0.4269674684406411,Sustained elevated arm posture.,3.1728222626119162,0.16426712115418007,-5.888734,31.87113
0.6267544286627489,0.03491278714599136,9.493894979042581,23.1292957362563,4.34613083437615,0.1298156732093588,0.9926743522269525,6.029683935378348,low_strain,M0123,0.8835324290394816,0,low_strain,0,False,0.49547125887160953,Typical movement signature for cluster.,-3.541113537979134,-0.5769779751592884,12.734054,-23.841156
1.2131878547321426,0.8022438726846006,34.70600465852281,57.63700051631841,6.201592005623412,0.135512175206484,5.324679720387214,8.005370041889936,medium_strain,M0124,2.402893318825344,2,medium_strain,-1,False,0.4600285388376346,Typical movement signature for cluster.,-0.5369116953124363,-0.7776713426855462,5.525799,-6.2150135
1.4853218766561234,1.5254462834280567,83.11492042337247,116.17500505417496,12.418438309232432,0.41671572701924997,10.209371460271123,9.759407249514819,high_strain,M0125,4.891381567604101,1,high_strain,-1,True,0.5146595234869683,Flag for manual review. Extreme trunk flexion observed. Sustained elevated arm posture. High jerk event suggests abrupt movement.,4.239833450889149,-1.0637511829800195,-14.013391,35.68919
0.4330814523066698,0.43317788906010535,24.045064625919352,32.43345883600247,6.3502192618465,0.2173517394075275,4.460484600783027,5.5440002383550055,low_strain,M0126,1.5639170113353085,0,low_strain,0,False,0.4342702333740598,Typical movement signature for cluster.,-2.090500863608179,-0.8555497643724067,10.38569,-28.739626
1.0575870058774162,0.40184065288273085,27.419670933666566,56.16567043161144,9.34045341894917,0.2438561976033342,4.524154569391612,8.814468845688728,medium_strain,M0127,2.2180227687043996,2,medium_strain,1,False,0.40938025770341374,Typical movement signature for cluster.,-0.5962066811471883,-0.09044196596907783,0.26230857,-2.0753036
1.0865078816950327,1.330693917909691,60.97511071185555,104.41462676166634,10.424029570138368,0.3651234658251161,7.07289203725929,4.575216662226235,high_strain,M0128,3.9511956899095595,1,high_strain,-1,False,0.49881513055178267,Extreme trunk flexion observed. Sustained elevated arm posture. High jerk event suggests abrupt movement.,2.0120331676317256,-2.2191346096929867,-11.017455,26.05659
0.428392029310068,0.1115153846803172,35.16023763747572,66.3256102127826,4.920014898132162,0.41642737600066126,2.9109825769008753,9.565117651430318,low_strain,M0129,2.1805545156520907,2,medium_strain,-1,False,0.49502218481601595,Typical movement signature for cluster.,-1.1251613102462037,-0.10518855958464661,1.4248205,-8.45727
0.7320715806191866,0.3928124194820607,28.526973344813822,63.03806650305754,9.15401973757863,0.20244845017252514,5.539878011989148,11.926342590346213,medium_strain,M0130,2.294700272835188,2,medium_strain,1,False,0.3995926614252494,Typical movement signature for cluster.,-0.4938144200262369,1.0309771706680737,5.2501616,2.5358315
1.6214136264269476,1.1498565497956479,47.98708567243456,115.57020693353232,10.331851689977427,0.4635898249963542,8.635973252102177,10.845981740320491,high_strain,M0131,4.02827193126132,1,high_strain,-1,False,0.4466247087141197,Sustained elevated arm posture. Asymmetric loading pattern detected.,3.1268733975710594,-0.7285706459333328,-11.325323,30.955961
0.4294122587740382,0.12406167646943911,23.803795415056634,50.167926571392485,3.5655602192659575,0.15207882970077086,1.7746084779920246,6.743030539726421,low_strain,M0132,1.5613674586896598,0,low_strain,0,False,0.4293317239808422,Typical movement signature for cluster.,-2.8126120621693413,-0.509080174636499,8.498136,-20.994488
0.8138338781050539,0.7935507258703417,34.142140170376635,73.99203598969387,8.694826825915564,0.297746680584654,4.8292635140050795,10.376102906121043,medium_strain,M0133,2.6430579425765477,2,medium_strain,1,False,0.39820551125501247,Typical movement signature for cluster.,0.20836867519562194,-0.017404286266299477,-0.9125984,0.7706569
1.0960674347339268,1.0391746762247156,64.50249005578364,100.30976572867793,14.881324438618819,0.49594758409890427,7.750110620301729,13.0445464916157,high_strain,M0134,4.1033136184031145,1,high_strain,-1,False,0.46161309848542603,Extreme trunk flexion observed. Sustained elevated arm posture. Asymmetric loading pattern detected.,3.3556371170378427,0.4999745012462176,-10.787156,35.936855
0.45280263793374664,0.22002505508811354,27.72042185481631,38.63698150342963,4.6075475694120405,0.18774474287425508,0.32938459020458843,3.9717948102694205,low_strain,M0135,1.4715222463181639,0,low_strain,0,False,0.48504765369999864,Typical movement signature for cluster.,-2.987360547495732,-1.386356206208042,14.966615,-25.39259
0.8296749516987788,0.5850624820365066,27.38883117345161,61.7211954697956,12.507018820802685,0.2994519771877518,5.7545598177142185,9.402365224737656,medium_strain,M0136,2.4416902432858563,2,medium_strain,1,False,0.4363788102762862,Typical movement signature for cluster.,0.1381761137818978,0.25417045050363546,-3.8266344,0.38323504
0.8115764643759962,0.966375275765809,66.45483108481854,69.94132941961139,10.044882836925005,0.2874028294213262,6.569297610382473,12.14974855510132,high_strain,M0137,3.3666800316694867,1,high_strain,-1,False,0.4324649419712131,Extreme trunk flexion observed.,1.404554164478577,0.4167304199917591,-4.1887593,25.05424
0.14445982382125644,0.34142704383570643,22.523130419602094,32.488974119630875,0.5347246820278251,0.10014325495990442,3.7329019341026966,2.444011438542855,low_strain,M0138,1.2214288808825273,0,low_strain,-1,True,0.5459199420564537,Flag for manual review.,-3.6720998975988235,-1.789336860687639,14.770098,-29.200106
0.6311998754452385,0.6626398422218772,32.59908838285231,66.84744824882733,9.630920838338186,0.36017355038380117,5.195587084486944,11.440110924056528,medium_strain,M0139,2.49962713171292,2,medium_strain,1,False,0.40303106451826115,Typical movement signature for cluster.,0.21999282093809702,0.46722297734253126,-0.4697577,2.3267367
1.5418909839246238,0.7831084073471544,52.39245835912254,91.68853087211104,8.061654440252331,0.39830160231431505,10.434932545850021,12.820214705792417,high_strain,M0140,3.6621749956701715,1,high_strain,-1,False,0.4374079885209528,Typical movement signature for cluster.,2.454916034547102,0.1373568786333574,-7.335496,36.226128
0.4351428846804409,0.3542028902979491,6.732067404204553,24.25233986182286,6.577778487346736,0.15080381736789147,2.9119715821267538,11.718989615246624,low_strain,M0141,1.0094275731422069,0,low_strain,-1,False,0.46385532898515736,Typical movement signature for cluster.,-2.4598694801506973,1.0775237936944069,-1.5789475,-21.624056
0.9252620816693087,0.9295043738105657,36.28956353527607,52.42540683657806,9.355592796494266,0.2763394617633337,4.709926912080688,7.919007451112881,medium_strain,M0142,2.421190544326231,2,medium_strain,-1,False,0.4241741247496118,Typical movement signature for cluster.,-0.0530932607636169,-0.7530753656363138,-1.2106837,-3.5734534
1.3519055634853652,0.7881886313476264,67.15930302279598,90.47196787814131,10.94366081810077,0.42498182975315946,5.91623546353662,12.987356170968082,high_strain,M0143,3.8107634567601703,1,high_strain,-1,False,0.4284756817010581,Extreme trunk flexion observed.,2.4253638538730704,0.27773040727491827,-13.141862,32.209957
0.5059413194636773,0.24237878962165357,14.957368317430548,30.89660026654891,4.542867179513994,0.12488773868966914,3.4163114410745665,4.533581793582034,low_strain,M0144,1.221692050461571,0,low_strain,0,False,0.4322947672358383,Typical movement signature for cluster.,-3.0572451364069786,-1.0118718968169582,12.970993,-27.579634
0.7592501559771901,0.6027726899973521,28.98409671839309,77.94357280219323,10.991269920343747,0.30757543154500444,3.227867836309691,12.572802677665132,medium_strain,M0145,2.5601163138642167,2,medium_strain,-1,False,0.4350468602802057,Typical movement signature for cluster.,0.19120014193067467,0.9061504646031989,0.3338577,3.6583252
0.9268403256308351,0.9156264709212533,61.64534489033262,99.78505383352412,11.889975007287482,0.4032985133477904,11.447222784506192,15.432894947749904,high_strain,M0146,4.013813131649943,1,high_strain,-1,False,0.47887878007010437,Extreme trunk flexion observed.,3.1296099317164545,1.390618877144949,-3.9254391,36.016926
0.41190737341947814,0.2635348972456049,7.487408563638173,35.94183058232312,7.247763990338912,0.0965372856163764,2.8364009386898723,6.168353045407125,low_strain,M0147,1.1819548123259607,0,low_strain,0,False,0.44155911680643517,Typical movement signature for cluster.,-2.934794795990117,-0.24166177720604134,8.723751,-27.032606
1.0563829814672057,0.4740419051843445,41.697699912085,39.54538260726815,12.22463512278976,0.28615914677838994,5.226250236024607,11.938866274999738,medium_strain,M0148,2.392195386025964,2,medium_strain,-1,False,0.42688022475792087,Typical movement signature for cluster.,0.264855836574202,0.8774398324240273,1.1133705,5.841001
1.5401567631855846,0.8616827404106426,55.959304849515654,85.11682139048322,10.222566913959714,0.43557364893027267,9.011813700208446,13.824894795928511,high_strain,M0149,3.6659187666820032,1,high_strain,-1,False,0.42444364221051056,Typical movement signature for cluster.,2.7359665643359667,0.4206241976808479,-7.640739,36.074673
0.5115839773292618,0.2381151256074962,31.37839104845729,19.320695835695012,7.269687182413372,0.19471629802883883,1.6478411940344062,12.458547221111946,low_strain,M0150,1.4054707938673447,0,low_strain,-1,False,0.46390305603587983,Typical movement signature for cluster.,-1.9847060766468105,1.1836985016558947,-1.3635482,-23.76668
0.9753822410916658,0.5539231061836227,36.26219073425059,59.4870940755247,9.281061192639035,0.3340711765020338,5.771971326792129,8.221390942156773,medium_strain,M0151,2.5246689609474653,2,medium_strain,1,False,0.39953960585397996,Typical movement signature for cluster.,0.04968892719807009,-0.4923811379648832,-1.4261842,-2.2221084
1.4826531642068543,1.0378387151206014,65.45498906524983,88.20700617779069,9.456223832312725,0.3105445255487376,5.229073503084284,12.66345611232866,high_strain,M0152,3.7156853252990105,1,high_strain,-1,False,0.4184841761073004,Extreme trunk flexion observed.,2.107270232028177,-0.005415137817529434,-6.2976246,24.853218
0.39720147545643497,0.02,10.516095181834986,46.208406514031665,3.803673199886364,0.15442366710627367,1.1093145700247438,10.877410964718463,low_strain,M0153,1.1915210215217396,0,low_strain,0,False,0.49264527406716335,Typical movement signature for cluster.,-2.95905915842217,0.7812371043735764,0.68693405,-20.99231
0.8664064634373656,0.8756091708634359,50.13152080471523,58.32121254455531,7.313559630259282,0.2304672993088281,6.2648473727148035,10.236939664372823,medium_strain,M0154,2.7532851856178504,2,medium_strain,-1,False,0.4125710337011813,Typical movement signature for cluster.,0.2538425215668846,-0.13677553451017266,5.7692957,-3.8281064
1.6027798751559894,0.8994422194799894,80.99589093037319,93.27039589253042,15.4277004672944,0.40858555381685013,10.425921146498895,9.971089055750372,high_strain,M0155,4.5154991773691355,1,high_strain,-1,True,0.5032095222298726,Flag for manual review. Extreme trunk flexion observed.,3.7175805012787624,-0.2752795469771925,-10.204971,33.636166
0.5051647146017985,0.37885532424653157,18.24153901200278,22.136066649163027,2.551534940679211,0.08291454391255038,0.732377887060619,8.218970718894175,low_strain,M0156,1.002771775235211,0,low_strain,0,False,0.469752503433724,Typical movement signature for cluster.,-3.3234486268098657,-0.2770972764128424,2.6086073,-26.011978
0.8178534740920306,0.23354193397270068,36.473916317323614,60.04641204040871,12.691997500450878,0.16257172522482663,4.913983596101207,14.76463170136141,medium_strain,M0157,2.4701020195317165,2,medium_strain,-1,False,0.4651205760348694,Typical movement signature for cluster.,-0.061167734671158824,2.219751870643842,4.2269073,6.0525455
1.4039288761736135,0.9406251986642982,61.29943538657265,102.88653342389951,9.719130098435913,0.450244686312656,5.753993966228922,12.919430323928307,high_strain,M0158,3.8817584307881123,1,high_strain,-1,False,0.4278282534579721,Extreme trunk flexion observed. Sustained elevated arm posture. Asymmetric loading pattern detected.,2.5861250752320335,-0.03344773041615677,-13.515829,31.83961
0.37604482941694706,0.27773147246743535,14.26475908400668,24.282986731382557,4.3634934650954404,0.09584045458513354,2.8227974640932483,5.6998290116952735,low_strain,M0159,1.0500383263296151,0,low_strain,0,False,0.4329969881064062,Typical movement signature for cluster.,-3.30513351774226,-0.6184669631991137,12.357892,-26.769016
0.6309633491313887,0.47071871181865915,33.003172734278564,77.90176074649807,9.160579891233184,0.23729597184733633,6.2480791616045845,5.23201913167578,medium_strain,M0160,2.636195726982319,2,medium_strain,-1,False,0.4403256045101763,Typical movement signature for cluster.,-0.571514972947039,-0.9026590437570032,-3.558112,-3.8926463
1.719453119117048,0.9438223711524811,58.67913169169336,99.67379731499075,13.47033153529156,0.22020266456881124,5.135347036417946,12.58881561504121,high_strain,M0161,3.881431800229593,1,high_strain,-1,False,0.4762420916934515,Typical movement signature for cluster.,2.35286719285048,0.43273881477716764,-2.9862876,27.128426
0.6074430314663897,0.24848256101147764,6.3928155857212925,22.319860831560028,0.05058316466496393,0.1306349785086835,2.311615872735617,7.151074580436204,low_strain,M0162,0.7676594265690425,0,low_strain,0,True,0.4991705270812174,Flag for manual review.,-3.6076775664201866,-0.7309110319124125,3.2954428,-28.947071
1.011763173842671,0.5261456207301445,20.922450660185152,69.4073789659071,9.610720457017152,0.2685634942094167,6.972219623962173,7.5879297588474,medium_strain,M0163,2.411205079890479,2,medium_strain,-1,False,0.4431665152207253,Typical movement signature for cluster.,-0.17481966370967594,-0.4354174526587811,-2.8057828,-2.7842984
1.0689258943087891,1.054860126896154,41.126523055866485,78.9762943782193,14.83601102279574,0.359128014159932,10.179845210265595,12.66347508841389,high_strain,M0164,3.3742695390143393,1,high_strain,-1,False,0.4827972443391098,Typical movement signature for cluster.,2.4552585774387046,0.8307178784394162,-2.7667444,32.42425
0.6136620389919227,0.25633411753481,7.315571354619177,26.967599080482948,5.992145111663049,0.15582036425450035,0.9329417497645618,6.551314961183598,low_strain,M0165,0.9880083174382156,0,low_strain,0,False,0.44800646124630084,Typical movement signature for cluster.,-3.067613050061348,-0.5013274320884886,12.415451,-23.320263
0.7615248649417239,0.3573720975957828,32.973031135044174,53.25667417688567,10.043066519523839,0.2985472786594146,5.281284312866776,9.519900510323172,medium_strain,M0166,2.2773533709738283,2,medium_strain,1,False,0.3967331520730508,Typical movement signature for cluster.,-0.42105279903928455,0.2643428358246018,-0.608924,-0.78648895
1.1003534763597735,0.7135702252098607,48.59778791074283,83.1126157043996,8.940357640457004,0.39296476472503,9.959431347567417,7.556124757764923,high_strain,M0167,3.3539945734154397,1,high_strain,-1,False,0.44098151167971916,Typical movement signature for cluster.,1.4414099337623636,-0.9393728591887657,-9.6454935,28.356709
0.7306380792437925,0.6795838033464026,40.45159696516179,31.710595271734437,2.727699262057102,0.3125574480120552,3.5287809197455093,3.571625257913994,low_strain,M0168,1.8688779070697863,0,low_strain,-1,True,0.5278933285282177,Flag for manual review.,-1.686805382969234,-2.318606476556972,-2.3846908,-8.4880705
0.5606538370706957,0.22179193682135767,45.5421264098022,50.18006086730669,7.588944309993139,0.1668134648037884,3.3850454453741863,10.065405749763459,medium_strain,M0169,2.2315833473047504,2,medium_strain,-1,False,0.41483381496142013,Typical movement signature for cluster.,-1.2880263744669818,0.5522376398140713,9.083042,-1.740011
1.3631536195588336,1.0014569154163266,61.20849646324607,95.34041107299821,14.971090050850151,0.2945924984764091,8.390130267594165,15.171531497454849,high_strain,M0170,3.99281817328615,1,high_strain,-1,False,0.47394797902156177,Extreme trunk flexion observed.,3.08169119747578,1.386625434283011,-1.7997793,33.965115
0.27938836207865125,0.24876445583441303,26.14872657520356,40.08079105199065,5.351473456663591,0.13129261226261374,2.1161990742922545,8.576438126180648,low_strain,M0171,1.5084447587286798,0,low_strain,0,False,0.40832426848741776,Typical movement signature for cluster.,-2.5990492222340964,0.18596996726754775,4.0921326,-21.95263
0.8131874206328888,0.5610038188561053,32.57542777205201,68.38555248657725,14.328489296830838,0.14338080164043548,5.98601878628497,8.599524778452736,medium_strain,M0172,2.6623143934394666,2,medium_strain,-1,False,0.4507183087771458,Typical movement signature for cluster.,-0.0002951546454178015,0.47634345411116746,-6.594137,0.5653657
1.2902426441321295,1.0571338593276434,69.75506576508779,94.69389564875453,13.990515034511192,0.1924561684969058,11.680904595832047,13.050174025298553,high_strain,M0173,4.224712903413962,1,high_strain,-1,True,0.5053202017226041,Flag for manual review. Extreme trunk flexion observed.,3.0686229731964487,0.972113472230862,-0.46793294,33.353073
0.30361491061901746,0.19692301183946645,18.875629764868645,34.82962110662537,5.5095234584179815,0.18338060643719867,0.7347796846971508,9.947638143434618,low_strain,M0174,1.2427203771137665,0,low_strain,0,False,0.4323889593960419,Typical movement signature for cluster.,-2.7338106306552548,0.5003191787992362,1.0777571,-22.253876
0.7873949022200724,0.34404386718611535,42.02438934701492,33.030705787627554,9.796788022477426,0.1604736498716205,5.580186868926211,10.202077906680199,medium_strain,M0175,2.1283326762359045,2,medium_strain,-1,False,0.4128363278386931,Typical movement signature for cluster.,-0.8394511676206845,0.678570134556835,7.2599673,-0.66060275
1.2406958628169442,0.7950550589937803,52.93397304028797,109.82035876256529,12.679853332197967,0.3491496014781471,8.027107160070972,7.611904146360748,high_strain,M0176,3.9108151294211613,1,high_strain,-1,False,0.44742032052356057,Sustained elevated arm posture.,2.101360884620552,-0.7744994520645376,-11.421018,27.219612
0.23882211507654413,0.3551796465835456,18.771729554947594,58.86951799573922,3.0197560032962496,0.13589351635837468,4.298287700923063,10.38277928058283,low_strain,M0177,1.6714481299623218,0,low_strain,0,False,0.4552242402832426,Typical movement signature for cluster.,-2.2261936841010264,0.49564434748893593,2.758497,-18.04418
0.8558347885397516,0.5502799098981123,40.25564693915326,53.61583476818204,8.32135919459853,0.15411685748339718,5.702685177802123,11.625051683554581,medium_strain,M0178,2.4129618948870912,2,medium_strain,1,False,0.39518250041771574,Typical movement signature for cluster.,-0.37987494649515374,0.7505832438467555,5.6432505,0.35159793
0.9246888040713468,1.0979357353132633,61.64525037992802,81.83578863218632,10.88267901695626,0.2599464477774529,6.449179744444191,10.49412823020001,high_strain,M0179,3.5109359785642575,1,high_strain,-1,False,0.41663278535088016,Extreme trunk flexion observed.,1.5358130116514448,-0.08218291196168288,-4.798441,25.734915
0.37325959309350293,0.3440213659328759,14.770102782830522,37.47947560851875,4.745488096141156,0.17492226400370975,1.965188661781442,4.854943499995118,low_strain,M0180,1.2663379014892997,0,low_strain,0,False,0.41978312272621066,Typical movement signature for cluster.,-2.963236693455463,-1.057615496042523,13.331534,-26.080051
0.7348996009691587,0.3751316041050726,41.28169612543641,56.41078202170306,13.249213100052863,0.1457371242917721,5.805449768064702,7.6801174412358275,medium_strain,M0181,2.5671259185835194,2,medium_strain,-1,False,0.44912362373457887,Typical movement signature for cluster.,-0.420760328744603,0.28620629259648817,-6.643233,0.03866822
1.3111122841349196,0.5014331525226284,60.36826116788028,118.64070447183835,10.502435743589096,0.40078462854444075,10.5498433862508,11.540930199924409,high_strain,M0182,4.202941425292751,1,high_strain,-1,False,0.47220902503710627,Extreme trunk flexion observed. Sustained elevated arm posture.,2.713722814642627,0.2669164215001296,-7.300877,31.16473
0.17691163155338974,0.34409907193949735,17.320989541626616,24.873161486118384,5.227874078499848,0.11665278572775276,1.9715738688844744,9.212582312217416,low_strain,M0183,1.085237978557476,0,low_strain,0,False,0.4330219334999663,Typical movement signature for cluster.,-2.9964392492386485,0.40538213710388193,2.7941508,-23.512075
0.9875704457718013,0.3543239371634235,32.69838873315789,85.07535432879892,10.754709523284845,0.2558562395497264,4.089204676748175,9.176819233250267,medium_strain,M0184,2.7613154290102577,2,medium_strain,-1,False,0.42336001809234075,Typical movement signature for cluster.,-0.03311542531066708,0.11420151836831477,-3.7360513,-1.208753
1.2882551111147116,0.9036432326673267,57.691674859158155,88.9987484641284,8.327646781591971,0.3386791406271334,10.329248107973694,8.168663966856872,high_strain,M0185,3.682555743393935,1,high_strain,-1,False,0.43212202749459594,Typical movement signature for cluster.,1.9001994630227257,-0.9979618388203676,-9.385256,28.3034
0.35162952854749874,0.2911350429398112,15.66820091359909,49.77393664974669,5.911849677542457,0.08752787336891156,3.1712280116136986,6.450696287475874,low_strain,M0186,1.5158224511608474,0,low_strain,0,False,0.4241173352917413,Typical movement signature for cluster.,-2.6951933215795676,-0.2854275561568933,8.723912,-25.994127
0.8702110432171395,0.4811553612377812,45.14284653058364,52.70587926183926,7.262106894817274,0.21061774638711347,4.651541877467442,13.247978888869532,medium_strain,M0187,2.4280788326098275,2,medium_strain,1,False,0.40830467958686123,Typical movement signature for cluster.,-0.2842306412547179,1.0023909566694507,4.594396,0.85177606
1.6561876698826556,1.3281759567018658,47.6928296806766,92.98586778258205,8.912359303384447,0.31779152578013864,7.239834979488661,9.039966352412833,high_strain,M0188,3.588489629658897,1,high_strain,-1,False,0.4693910943592794,High jerk event suggests abrupt movement.,2.126598103528378,-1.2580872593128616,-8.84467,25.647335
0.4326858745775694,0.1583281581613593,23.052761754825795,25.822464625824857,10.057224146173507,0.12194462196142421,2.572017641917052,5.40931763106793,low_strain,M0189,1.4071657509122422,0,low_strain,0,False,0.4655227999263425,Typical movement signature for cluster.,-2.591653152915083,-0.2441256460988618,17.396646,-23.930895
0.9991201089284666,0.5915682219030558,27.225579609763475,64.52800253269544,6.25713790796549,0.3377413158084016,6.713792097779759,10.738597596219341,medium_strain,M0190,2.379421484194769,2,medium_strain,-1,False,0.434850038964904,Typical movement signature for cluster.,0.024132043003874074,-0.04197445140741841,2.1919315,-4.5257225
1.9775005841882702,2.440887777666161,91.66390067362943,117.97846459012973,7.997571395068798,0.5982219620122566,10.53103043296586,7.356660416369714,high_strain,M0191,5.288088760499626,1,high_strain,-1,True,0.6851757382506233,Flag for manual review. Extreme trunk flexion observed. Sustained elevated arm posture. High jerk event suggests abrupt movement. Asymmetric loading pattern detected.,5.558327440913305,-3.420220476198123,-17.327469,37.877804
0.4322313114542695,0.22365285745749308,15.341927080551196,34.60293717653022,5.79641828894548,0.12782292948573332,2.090351071631998,8.184708076508915,low_strain,M0192,1.2506933260263426,0,low_strain,0,False,0.39942285961670887,Typical movement signature for cluster.,-2.796620769974727,0.10520995819564137,5.0388293,-23.809492
0.8963256203562332,0.5499211664027858,38.317548212780494,73.52881169113357,4.594368939903504,0.1315699678084622,5.910705767985279,10.482207862178711,medium_strain,M0193,2.572612376922118,2,medium_strain,-1,False,0.43229633497315684,Typical movement signature for cluster.,-0.6112739156768549,0.1279674349383941,4.475163,-6.9062533
1.178332043462062,1.0395836613631877,67.3263884299112,98.77575211532138,10.926177391509917,0.21138484899084778,10.038472416074256,15.42084026540926,high_strain,M0194,4.056692589571052,1,high_strain,-1,False,0.46883094074864834,Extreme trunk flexion observed.,2.7258331270227147,1.3585782630334344,-0.86422163,34.74106
0.3444429087158992,0.34737943936677584,23.163178247768673,50.588162477990856,3.4230021363896763,0.13094181661823448,3.2472720511434554,8.114820142876315,low_strain,M0195,1.625708141420741,0,low_strain,0,False,0.40957846504116896,Typical movement signature for cluster.,-2.46714867579948,-0.17986951574291085,5.2035623,-19.480698
0.8863386056042725,0.6310126287341233,38.70370317064802,64.63501912615934,7.98258819662854,0.3386967361429636,4.148961724430985,9.031698093090553,medium_strain,M0196,2.5422864156222693,2,medium_strain,1,False,0.3979733198587685,Typical movement signature for cluster.,-0.07029928116037476,-0.46584180502370287,-0.8511496,-1.9114461
1.4733698860941964,0.6504728293829835,44.89703250234561,63.471800891713954,11.571929495557196,0.2905355346234765,7.730899779964167,13.851858931696782,high_strain,M0197,3.0202719073734334,1,high_strain,-1,False,0.4462770598765629,Typical movement signature for cluster.,1.544809712575904,1.0277006255441326,-0.21679847,29.869186
0.47775384272920374,0.2500662092248278,22.03268589057862,39.75128067348009,3.754519346885702,0.1332539298639819,3.5437433977204944,8.786753740508194,low_strain,M0198,1.474739489756054,0,low_strain,0,False,0.40259354838062844,Typical movement signature for cluster.,-2.497250193318155,0.06050444201850315,4.3547378,-19.829512
0.9248988897874212,0.39815451285892667,49.30010455968805,74.2891860780923,9.079770951836801,0.2594339706061716,5.18645161595887,12.19630987850007,medium_strain,M0199,2.9201951362779863,2,medium_strain,-1,False,0.40751638340957863,Typical movement signature for cluster.,0.3607899747066482,0.7881056920591932,2.9447303,1.4774706
1.3318253715407766,1.0769481859735013,52.3819345647441,83.37330164013028,8.87239594240619,0.2948421803099062,4.843209377116995,14.043520609243483,high_strain,M0200,3.3187012695453793,1,high_strain,-1,False,0.4356177674462327,Typical movement signature for cluster.,1.6665178707088157,0.4474862986434941,-6.3197427,24.258806
0.6210394732164367,0.11739155113734837,22.3491280293372,49.22106349923556,4.177742034670405,0.14405789722600199,0.4921069491953296,8.533472335953283,low_strain,M0201,1.5240886897020423,0,low_strain,0,False,0.43346617083501116,Typical movement signature for cluster.,-2.6819055311885935,-0.0784456791636757,7.18098,-20.006971
0.8519416028658423,0.3314315908935568,42.34286579582077,74.29415210512028,6.9336402765696645,0.18178464511537396,2.265965436175028,9.833966164812058,medium_strain,M0202,2.55244842350748,2,medium_strain,-1,False,0.437690505614559,Typical movement signature for cluster.,-0.867572981893297,0.11383342528325893,9.296612,-2.8498087
0.938775729283428,1.001543376136191,53.500296181353505,76.93969657896675,10.279940707591017,0.46570436311436925,9.705873887510444,11.635927027804229,high_strain,M0203,3.4239691079651804,1,high_strain,-1,False,0.45418594788313504,Asymmetric loading pattern detected.,2.2338932478440667,0.01822054455313301,-6.8889637,34.37125
0.31069056523359134,0.2832370100727031,18.883933982918823,30.30163491501273,5.783825004723353,0.10878266181422197,3.009820707776118,9.103717543062583,low_strain,M0204,1.2726410334543448,0,low_strain,0,False,0.4074425513082809,Typical movement signature for cluster.,-2.6951969355445837,0.4335772533994633,3.6015816,-23.193949
1.0104489125616187,0.12333144085061443,33.071607795550996,74.30417641109307,7.865426549495119,0.16202884105182747,3.859394407424994,13.067264365801549,medium_strain,M0205,2.451339005238893,2,medium_strain,-1,False,0.45772949607877,Typical movement signature for cluster.,-0.6265476781289139,1.2852890462208408,7.508934,3.052274
1.5283780422116438,0.910081622172388,46.07604669557566,83.83638898776232,9.26210644957639,0.4492980160686823,9.964855619525677,7.1863488251470695,high_strain,M0206,3.4679065522910286,1,high_strain,-1,False,0.4577317388701118,Typical movement signature for cluster.,2.068483615279081,-1.4860749447514925,-10.081285,28.84781
0.3464177205186868,0.40935099684593707,9.899405291241473,51.04229104685014,4.940069468869512,0.0935226237447965,1.8227258159907223,6.396762318463098,low_strain,M0207,1.3580093221158747,0,low_strain,0,False,0.4497834311347453,Typical movement signature for cluster.,-2.932738242958068,-0.5052567692836692,8.688536,-24.846119
0.8351722975568601,0.37809182290314197,20.55707033009449,57.44388234982192,4.894287607164235,0.20487034791594877,4.136345667094966,8.321959819935465,medium_strain,M0208,1.8880941173120063,0,low_strain,0,False,0.40927935711207947,Typical movement signature for cluster.,-1.5425092085865668,-0.3855755856797692,4.4724655,-14.159159
1.2924105447773055,0.9641667816191598,40.23601703657705,82.84451612908309,11.973665785871326,0.2980376869669595,10.31612568703597,8.632449559477116,high_strain,M0209,3.351632846009562,1,high_strain,-1,False,0.4612831267369598,Typical movement signature for cluster.,1.8088773026853868,-0.4638834878181299,-8.514603,28.608
0.379673803202933,0.2964320659381916,14.157059568867444,32.29106372929063,4.574965834799626,0.11062448970434798,2.9850938684971124,8.476776749674851,low_strain,M0210,1.1887020081001882,0,low_strain,0,False,0.40807951184946206,Typical movement signature for cluster.,-2.86520112371548,0.12167268496079452,4.4450765,-23.342903
0.7511266666460866,0.6615161642727996,36.11332604948655,58.319632546088755,8.709380059776253,0.351795200978251,3.489465687968194,12.424642232638387,medium_strain,M0211,2.370190614968884,2,medium_strain,1,False,0.4076405388276537,Typical movement signature for cluster.,0.024072522956521587,0.5559144763763365,0.46592683,2.3084838
2.5348766396662668,2.456833529380907,80.36332690455538,105.7927746784906,10.267011168633234,0.6042504495734082,7.995874369193287,9.799265497792206,high_strain,M0212,4.972968976503688,1,high_strain,-1,True,0.6009095117896729,Flag for manual review. Extreme trunk flexion observed. Sustained elevated arm posture. High jerk event suggests abrupt movement. Asymmetric loading pattern detected.,5.7452541936886785,-2.8963089202521246,-17.654863,37.230583
0.5154387914360472,0.3031660444236518,23.791022956371997,35.87867637080728,5.705619687258362,0.15215349702550252,2.4084599805817923,6.938356343740706,low_strain,M0213,1.487512390899135,0,low_strain,0,False,0.39821802184232274,Typical movement signature for cluster.,-2.480498867408427,-0.4194692760698646,10.746237,-25.253199
0.7476878432234386,0.45677712044313895,41.472078587600855,65.02225298354006,5.690416904779346,0.3173606952738243,5.35870813697375,7.722672261960699,medium_strain,M0214,2.5158875801348257,2,medium_strain,1,False,0.4207239739339777,Typical movement signature for cluster.,-0.5247105000934666,-0.7484001435140683,1.368962,-6.7009854
1.4176486257511538,0.6923824414493756,75.77182840257724,101.22316315712669,11.477568545624898,0.5072175044497423,8.818595567659282,11.92136738970871,high_strain,M0215,4.294170807722141,1,high_strain,-1,False,0.4535665877042065,Extreme trunk flexion observed. Sustained elevated arm posture. Asymmetric loading pattern detected.,3.2528768736764992,-0.03324988317969947,-11.272052,34.379276
0.5198220527168494,0.32766029673239805,18.088080839338268,27.10013646132397,5.233873737498933,0.1372080485695145,1.166525681265799,5.056375297351629,low_strain,M0216,1.1795826202341422,0,low_strain,0,False,0.423105609184608,Typical movement signature for cluster.,-3.0821763395695236,-0.9833775996641806,13.469587,-24.983501
0.4036978695917297,0.5787574737745764,34.1753355379694,77.69895928255892,7.513063581692249,0.28956905285511375,4.904629238143313,10.784370383715359,medium_strain,M0217,2.5359503167776545,2,medium_strain,1,False,0.42121539127650054,Typical movement signature for cluster.,-0.34513045358229355,0.3910248730925003,-1.6788359,2.5116274
1.1782377424085924,1.0993798792097127,48.06302122893517,96.12429979581731,13.529807390133277,0.4328029993432268,12.33288975347082,9.86236991153015,high_strain,M0218,3.8676361647822395,1,high_strain,-1,False,0.47041988733769274,Typical movement signature for cluster.,3.061277957982109,-0.25774227405620875,-8.4032545,32.369858
0.3306797869805857,0.34604425665484373,20.98753760561627,36.02256659647416,2.978677311607166,0.17067469173316244,1.2752952223494596,10.3178991647538,low_strain,M0219,1.2781675715685223,0,low_strain,0,False,0.44532921466861053,Typical movement signature for cluster.,-2.7105793393349877,0.2905424138757753,1.785304,-21.644001
0.878632183451448,0.6316351389920841,34.05712184883552,40.277440146958206,7.294561273939555,0.18442628553407503,3.3294931353774766,14.805899854989123,medium_strain,M0220,1.9904205795757814,2,medium_strain,-1,False,0.4384903791950831,Typical movement signature for cluster.,-0.6344667521638595,1.3770194994827731,7.461774,5.5277357
1.3635312677350764,0.8643759742646752,56.271289175565634,105.50370955135067,11.428858338870526,0.42245551504197865,8.107991404309969,11.041971905950268,high_strain,M0221,3.9363452661499396,1,high_strain,-1,False,0.4124702753983801,Sustained elevated arm posture.,2.6395388595819553,-0.1865223539362236,-10.84663,31.847517
0.21267011251594464,0.25384380989335986,18.338980151959397,22.138699632912093,4.937945242937661,0.1421501025196201,0.34399199394062085,6.169750681040997,low_strain,M0222,0.9887749707428416,0,low_strain,0,False,0.46966114891760924,Typical movement signature for cluster.,-3.469957747986559,-0.5108204487457729,13.959618,-22.812748
0.8819293967033189,0.38848551170403356,39.26758440399788,74.26888670432567,10.054145917981796,0.24428285277916392,4.7980355300135615,8.92663878916374,medium_strain,M0223,2.7179533599610863,2,medium_strain,1,False,0.3967014104223383,Typical movement signature for cluster.,-0.14165892089067247,0.047621603341214895,-3.1241407,-1.1879011
1.3229228740914354,1.0332927210983962,59.31873813121152,103.46269530486418,11.708103572506941,0.44277509729053494,10.241645540733277,9.747325435370522,high_strain,M0224,4.086953617422194,1,high_strain,-1,False,0.4223726242335934,Sustained elevated arm posture.,3.0265707835546296,-0.6062081571608741,-9.519051,32.041367
0.6352191427217464,0.30566587307122617,7.713084627023271,27.86180502781289,6.389373726265691,0.12881292675468428,1.987938580680873,10.801763720625933,low_strain,M0225,1.0703588232131405,0,low_strain,0,False,0.4487008380203335,Typical movement signature for cluster.,-2.5476180546749667,0.7405176126286146,-1.3931447,-22.079641
0.6922954627592266,0.5795941065067575,41.12363945643106,67.95611641208878,10.322476089137893,0.261914717240891,6.234075908407614,9.851976851712292,medium_strain,M0226,2.722962474608863,2,medium_strain,1,False,0.39374610920399855,Typical movement signature for cluster.,0.15922068069976614,0.2957515758919162,-2.4082448,0.39402962
1.3036575196117997,0.9587176644474266,65.72539807582761,99.77203954722764,11.597277406380403,0.3152699212047168,8.63534251612542,11.921550202291916,high_strain,M0227,4.042611891777708,1,high_strain,-1,False,0.4123625321063067,Extreme trunk flexion observed.,2.6354112330164017,0.21341093589683974,-5.5620136,30.401968
0.7147830368568482,0.22762272214587648,20.533734114752157,45.68462067244298,5.176403445378889,0.23351380476688663,2.1219607082685235,8.648178444640093,low_strain,M0228,1.5927173333602815,0,low_strain,0,False,0.41949353392631533,Typical movement signature for cluster.,-2.0400441841520762,-0.1947454981528793,4.978703,-15.9306135
0.7637560423770731,0.5848507474555321,44.77043249846184,65.8291380082829,11.018229698669472,0.2443020813644397,5.001747205241492,17.259962768198466,medium_strain,M0229,2.747837483469286,2,medium_strain,-1,False,0.4618289819767368,Typical movement signature for cluster.,0.7428090595779478,2.3453152791518197,5.4260635,6.4132543
1.1217140598847195,0.7950325227953476,48.5732008546866,105.11197098199503,10.698369955634869,0.39018899805251883,8.372982651123463,14.048178742234617,high_strain,M0230,3.691444183328573,1,high_strain,-1,False,0.4193957287986404,Sustained elevated arm posture.,2.349269814594229,0.8617074974276024,-4.669434,34.198345
0.32093132566283816,0.3024297307181595,21.605755708199382,38.32532313097641,3.54298328762481,0.16709939368365576,1.7561390729043658,6.956922710427233,low_strain,M0231,1.3503471142695598,0,low_strain,0,False,0.4131262654119805,Typical movement signature for cluster.,-2.886788602424275,-0.5366994962391821,7.8735685,-22.12431
1.028185335784325,0.6386790157438289,42.839947005430986,76.9665370537094,14.125298496477447,0.14744643376539068,4.392435128684338,8.95956228956369,medium_strain,M0232,2.988777961103746,2,medium_strain,-1,False,0.4661218989925255,Typical movement signature for cluster.,0.3886918775024147,0.27796910460152685,-6.63497,1.0704885
1.0429316855271833,0.8660624484700342,45.83396284710595,96.69059314552379,11.613736307142952,0.4184822931810924,9.515456903276505,13.688419189594693,high_strain,M0233,3.5860253043061845,1,high_strain,-1,False,0.42766789156582524,Typical movement signature for cluster.,2.458849436247279,0.8328358378298505,-4.9162555,34.274582
0.70453720831604,0.3034431116482098,6.82509148425123,24.976242542337825,1.8670946197499316,0.14069338516605231,2.378194775946666,7.063148604201085,low_strain,M0234,0.9070773896681762,0,low_strain,0,False,0.4696106815225569,Typical movement signature for cluster.,-3.2291725536690095,-0.7157520768838702,3.4402304,-28.54529
0.9078372598523057,0.6516537706024869,30.551412096463174,50.01026130402785,8.57361099819391,0.26038042837913355,2.7155326493283143,10.049232442876164,medium_strain,M0235,2.1091287803793692,2,medium_strain,1,False,0.40775651540436897,Typical movement signature for cluster.,-0.6508703347310819,-0.018348996794477334,1.6397206,-1.2512156
1.2326671835303518,0.7735897257775983,52.6046481807886,89.52397128998085,11.699760051942105,0.42838332660404543,10.661712409901742,11.1758263741237,high_strain,M0236,3.689942593587474,1,high_strain,-1,False,0.42334615773157086,Typical movement signature for cluster.,2.5204314337936595,0.11688860126234747,-7.939273,33.335968
0.5025186808241168,0.34108449164108545,15.394797400446686,42.903934769661724,6.763253614080751,0.19166745862634693,4.278320906719823,6.267167722681123,low_strain,M0237,1.545351597178363,0,low_strain,0,False,0.4185611823026099,Typical movement signature for cluster.,-2.140229750962916,-0.5261443954429654,10.012946,-28.73095
0.8218044314589855,0.536269700405449,32.80589664311891,44.17325596122714,8.685358892058007,0.20389866042712523,5.6289902211214375,8.514891145752866,medium_strain,M0238,2.1327373339881217,2,medium_strain,1,False,0.3977576432483879,Typical movement signature for cluster.,-0.7858424534357398,-0.10471776634318593,0.37475765,-3.366527
1.3315456392829175,0.9471658748251693,63.792819713209326,122.60209272984676,12.110036968663863,0.4188065413651304,6.344877342265349,8.396659166498152,high_strain,M0239,4.3001155214144715,1,high_strain,-1,False,0.47415817948892053,Extreme trunk flexion observed. Sustained elevated arm posture.,2.7070366967597694,-1.0061831287266085,-12.044095,28.39091
